Shape_Leng,Shape_Area,ADM2_FR,ADM2_PCODE,ADM2_REF,ADM2ALT1FR,ADM2ALT2FR,ADM1_FR,ADM1_PCODE,ADM0_EN,ADM0_FR,ADM0_PCODE,date,validOn,validTo,total_sum,f_60_sum,f_65_sum,f_70_sum,f_75_sum,f_80_sum,m_60_sum,m_65_sum,m_70_sum,m_75_sum,m_80_sum,kmsquare,PopDens,PopDenTot,PopDenRank,ElderlyPop,EldPopTot,EldPopRank,FinalRank
0.49935464204,0.01230948223,Abomey,BJ1201,,,,Zou,BJ12,Benin,Bénin (le),BJ,2015-08-07,2019-08-16,,84772.764155954122543,1169.224107243120670,658.927569182822481,660.859085282310843,455.832175339572132,336.237983714439906,850.870558795752004,526.809050524374470,456.720047003240325,327.588015071291011,240.340874402609188,150.358804749538450,563.803126110008179,42716.709962227701908,0.013198655200940,5683.409466559533030,583314.632662043208256,0.009743300010532,0.022941955211472
0.97830305792,0.04376623840,Abomey-Calavi,BJ0301,,,,Atlantique,BJ03,Benin,Bénin (le),BJ,2015-08-07,2019-08-16,,1022027.917513608932495,7072.819527630228549,3648.325028800871223,2479.441172001417726,1626.900997449643910,1800.410308032063767,6456.899218441918492,3046.351330244448036,1811.828954284777865,1189.063459368189797,1738.499113231198862,535.352840732296727,1909.073492755919006,42716.709962227701908,0.044691491794289,30870.539109484758228,583314.632662043208256,0.052922620796606,0.097614112590895
1.08698475113,0.03702160044,Adja-Ouere,BJ1101,,,,Plateau,BJ11,Benin,Bénin (le),BJ,2015-08-07,2019-08-16,,149868.344511568546295,1430.731243887450546,863.478288489859551,790.977215692400932,473.028521311935037,404.274351656204090,1209.187059086747468,739.200634581269696,602.831119523616508,360.533277615904808,196.763208660297096,452.400842544194063,331.273354109476998,42716.709962227701908,0.007755123332354,7071.004920505685732,583314.632662043208256,0.012122111335072,0.019877234667426
0.33345769419,0.00590785096,Adjarra,BJ1001,,,,Oueme,BJ10,Benin,Bénin (le),BJ,2015-08-07,2019-08-16,,152748.679650306701660,1564.801711212843657,941.221291234716773,703.161113431677222,366.261500027030706,344.434222671203315,1397.877612937241793,791.977154796943069,444.829315360635519,260.210485880263150,205.067031956277788,72.267101987308649,2113.668259135837616,42716.709962227701908,0.049481063991231,7019.841439508832991,583314.632662043208256,0.012034399698620,0.061515463689851
0.66041709398,0.02627858429,Adjohoun,BJ1002,,,,Oueme,BJ10,Benin,Bénin (le),BJ,2015-08-07,2019-08-16,,92810.154030919075012,1183.651151179801673,628.682384837884456,562.581891952548176,352.635883182054386,362.379865854512900,1046.066519713029265,521.757328659063205,353.162075524218380,247.153782669105567,204.950252674054354,321.309767204434934,288.849463987405500,42716.709962227701908,0.006761978257287,5463.021136246272363,583314.632662043208256,0.009365479331994,0.016127457589281
0.62306448761,0.01859372832,Agbangnizoun,BJ1202,,,,Zou,BJ12,Benin,Bénin (le),BJ,2015-08-07,2019-08-16,,95593.078288316726685,1362.593398722819984,687.162551463814452,835.516302104340866,451.754737473325804,471.193419379647821,1013.754533452913165,559.631768290419132,591.309941654326394,331.522012755973265,339.193495227373205,227.167524372467000,420.804331747618107,42716.709962227701908,0.009851047332993,6643.632160524953179,583314.632662043208256,0.011389448830052,0.021240496163045
0.45738233308,0.01047946915,Aguegues,BJ1003,,,,Oueme,BJ10,Benin,Bénin (le),BJ,2015-08-07,2019-08-16,,47025.575623869895935,508.787429843097925,165.538511963561177,199.309792350511998,86.565761769888923,111.622285304591060,469.477330602705479,143.344319208525121,130.389139707665890,63.507751335622743,61.542496734997258,128.194098740345879,366.831048277183868,42716.709962227701908,0.008587530467622,1940.084818821167573,583314.632662043208256,0.003325966314212,0.011913496781834
0.39354203221,0.00656171130,Akpo-Misserete,BJ1004,,,,Oueme,BJ10,Benin,Bénin (le),BJ,2015-08-07,2019-08-16,,110184.768691778182983,929.448186233639717,565.596493068151176,502.558692765422165,273.078163267113268,249.692760676145554,833.680036973208189,479.133466034196317,323.258667960762978,196.011078664567322,144.939963261596859,80.251576826447504,1372.991946688653343,42716.709962227701908,0.032141799963123,4497.397508904803544,583314.632662043208256,0.007710071472715,0.039851871435838
0.80658850590,0.03128799510,Allada,BJ0302,,,,Atlantique,BJ03,Benin,Bénin (le),BJ,2015-08-07,2019-08-16,,152519.203088521957397,1763.719784367363900,978.019550703931600,1007.807782877702266,598.815041480236687,561.739117632387206,1564.253553203772753,794.984916392480955,715.495512485969812,424.972146796993911,339.988434240804054,382.583488397022620,398.655999838253649,42716.709962227701908,0.009332553939448,8749.795840181643143,583314.632662043208256,0.015000130890341,0.024332684829789
1.54779137863,0.07438291413,Aplahoue,BJ0601,,,,Couffo,BJ06,Benin,Bénin (le),BJ,2015-08-07,2019-08-16,,204162.431242436170578,2022.808528596535325,994.462331812712364,770.554072891944088,356.002991579938680,573.723227449809201,1374.963043848983943,620.647568863816559,504.997035936976317,207.314776375336805,340.846161930938251,908.610853553342167,224.697328283070419,42716.709962227701908,0.005260174027489,7766.319739286991535,583314.632662043208256,0.013314117809533,0.018574291837022
0.78390903390,0.01770663044,Athieme,BJ0901,,,,Mono,BJ09,Benin,Bénin (le),BJ,2015-08-07,2019-08-16,,66682.263689637184143,726.826818363741040,397.763778183143586,417.573651381768286,223.810697322478518,233.020058796275407,524.090041548945010,301.145319853443652,273.609454878140241,141.226258658803999,163.025719466386363,216.557324020003392,307.919688199867778,42716.709962227701908,0.007208413018515,3402.091798453126103,583314.632662043208256,0.005832344343784,0.013040757362299
0.37154061051,0.00629447175,Avrankou,BJ1005,,,,Oueme,BJ10,Benin,Bénin (le),BJ,2015-08-07,2019-08-16,,124462.108070850372314,1216.750204224139452,708.205855688080192,627.368777139112353,303.204909001011401,303.337071655783802,1085.891622424125671,595.888512015342712,398.302773933857679,215.711389044299722,186.287520166020840,76.984380763440939,1616.718960866878888,42716.709962227701908,0.037847459748105,5640.948635291773826,583314.632662043208256,0.009670507680475,0.047517967428580
2.81994334877,0.36325062808,Banikoara,BJ0101,,,,Alibori,BJ01,Benin,Bénin (le),BJ,2015-08-07,2019-08-16,,333885.315656229853630,2255.138710621511564,892.957978459016886,1313.562181541405153,554.057311812342959,673.359235111653106,2582.699542708694935,1312.849713536037598,1475.005056235706434,816.410699672051123,660.730424950001179,4386.160820496537781,76.122451802492790,42716.709962227701908,0.001782029839606,12536.770854648420936,583314.632662043208256,0.021492296185739,0.023274326025345
1.92118080749,0.21768870490,Bante,BJ0501,,,,Collines,BJ05,Benin,Bénin (le),BJ,2015-08-07,2019-08-16,,126627.399226680397987,1241.476595332846045,714.291643780947197,629.107056870474480,390.090288480918389,365.682807227247395,1123.048876810353249,611.227208946133032,544.275795540015679,300.172152162180282,317.995202247911948,2651.961955235502501,47.748573080655483,42716.709962227701908,0.001117796129966,6237.367627399027697,583314.632662043208256,0.010692973016867,0.011810769146833
3.50496342497,0.46300513794,Bassila,BJ0701,,,,Donga,BJ07,Benin,Bénin (le),BJ,2015-08-07,2019-08-16,,197974.838923491537571,1637.039673770894296,961.761638680414762,822.040434440510580,532.371785380310030,365.559685260188417,1628.592824490799103,1069.561945121036842,817.182277245825389,534.330917460116325,327.215257122894400,5631.316577122370290,35.156048538947111,42716.709962227701908,0.000823004593988,8695.656438972990145,583314.632662043208256,0.014907317512830,0.015730322106818
2.53836297057,0.27525788411,Bembereke,BJ0401,,,,Borgou,BJ04,Benin,Bénin (le),BJ,2015-08-07,2019-08-16,,164681.384549647569656,1088.543484865454957,578.611304456513608,633.142437648028135,268.085989540064475,287.011457462969702,1291.946183840511367,706.365982016373891,736.241195499256719,408.392255616665352,292.324536855157930,3335.276703685157827,49.375628824945942,42716.709962227701908,0.001155885574254,6290.664827800996136,583314.632662043208256,0.010784342575280,0.011940228149534
0.57171089161,0.01318998421,Bohicon,BJ1203,,,,Zou,BJ12,Benin,Bénin (le),BJ,2015-08-07,2019-08-16,,227767.178519129753113,2367.679428282193840,1182.647102059330791,1155.971943529322743,743.483186223544180,561.629615562036633,1724.715473854914308,947.036552531644702,799.462390108034015,535.277889326447621,393.585495603969321,161.117963917408105,1413.667185093570197,42716.709962227701908,0.033094009026997,10411.489077081438154,583314.632662043208256,0.017848839192610,0.050942848219607
0.66446698374,0.02063176731,Bonou,BJ1006,,,,Oueme,BJ10,Benin,Bénin (le),BJ,2015-08-07,2019-08-16,,46071.976981043815613,483.555579574313015,294.545214497018605,291.068605667445809,182.676907137036324,146.947239269968122,423.079527700319886,243.089265358168632,181.261909478576854,127.258880031993613,78.346407965989783,252.183627649184132,182.692181132135715,42716.709962227701908,0.004276831743214,2451.829536680830643,583314.632662043208256,0.004203271098295,0.008480102841509
0.81643089967,0.03051687719,Bopa,BJ0902,,,,Mono,BJ09,Benin,Bénin (le),BJ,2015-08-07,2019-08-16,,107461.325746536254883,1362.645763708278537,712.193887804169208,852.557604508008808,437.361521899932995,464.710868135327473,976.697261936031282,533.611008847830817,555.361958277178928,274.005172168603167,315.114460526150651,373.163520464818930,287.973823413072580,42716.709962227701908,0.006741479474138,6484.259507811511867,583314.632662043208256,0.011116229809322,0.017857709283460
1.53342564690,0.08112717009,Boukombe,BJ0201,,,,Atacora,BJ02,Benin,Bénin (le),BJ,2015-08-07,2019-08-16,,85625.997398555278778,1061.730146926129237,681.479262795299292,562.687569291447289,295.862355213437695,227.837451610830612,913.469838982913643,659.733685494051315,495.134843180072494,286.415685736108571,152.011438230430940,983.077346885918132,87.099959804578617,42716.709962227701908,0.002039013769590,5336.362277460721089,583314.632662043208256,0.009148342898767,0.011187356668357
0.54218610760,0.01408556071,Come,BJ0903,,,,Mono,BJ09,Benin,Bénin (le),BJ,2015-08-07,2019-08-16,,91940.557525753974915,1076.825969792902470,736.940840372815728,599.339380620978773,452.129317113198340,353.550308465026319,763.835115639492869,549.182618040591478,386.006536661181599,280.320594517514110,241.441760830115527,172.320212787117157,533.544823550888395,42716.709962227701908,0.012490307048990,5439.572442053817213,583314.632662043208256,0.009325280281809,0.021815587330799
1.34305846616,0.07270153985,Copargo,BJ0703,,,,Donga,BJ07,Benin,Bénin (le),BJ,2015-08-07,2019-08-16,,85016.496304661035538,832.638675773283467,512.940900939051062,516.055026141460985,284.243397992046084,318.985259419190697,831.235072365263477,575.932270627934486,515.263672159635462,283.847995047632139,289.037005189165939,881.982498193744050,96.392498126403353,42716.709962227701908,0.002256552487578,4960.179275654663797,583314.632662043208256,0.008503437078234,0.010759989565812
0.38357696288,0.00659039757,Cotonou,BJ0800,,,,Littoral,BJ08,Benin,Bénin (le),BJ,2015-08-07,2019-08-16,,786482.350909233093262,7213.821179226040840,4498.034483142197132,3035.950124781578779,2331.252279512584209,1482.206464296206832,6308.564202472567558,4132.220345981419086,2388.341994833201170,1624.040606371127069,833.197825941257179,80.634521525880999,9753.667982723733076,42716.709962227701908,0.228333782993785,33847.629506558179855,583314.632662043208256,0.058026367951871,0.286360150945656
1.21376268799,0.03561701580,Cove,BJ1204,,,,Zou,BJ12,Benin,Bénin (le),BJ,2015-08-07,2019-08-16,,58232.550289660692215,762.596082215430215,493.463894241722301,451.133424954023212,266.849489462445490,198.848984353127889,569.885354672791436,404.590139625477605,320.396771483705379,196.944084906950593,140.669786462676711,434.915470085894981,133.893950192573925,42716.709962227701908,0.003134463078055,3805.378012378350377,583314.632662043208256,0.006523714303226,0.009658177381281
0.51232380353,0.01286127996,Dangbo,BJ1007,,,,Oueme,BJ10,Benin,Bénin (le),BJ,2015-08-07,2019-08-16,,117467.303390979766846,1396.850835841149092,585.890869736671448,646.806870521977544,285.374306259676814,343.030349237844348,1268.107640650123358,499.727837392129004,418.111685341224074,205.930931684561074,185.402650548610836,157.295943000111237,746.791691829564343,42716.709962227701908,0.017482425319972,5835.233977213967592,583314.632662043208256,0.010003578944324,0.027486004264296
1.64126657659,0.13873423676,Dassa-Zoume,BJ0502,,,,Collines,BJ05,Benin,Bénin (le),BJ,2015-08-07,2019-08-16,,123736.761511728167534,1443.762202100595459,795.034006772795692,692.008253828040324,481.773263836570550,362.836186145723332,1279.028208258328959,664.827734759775922,585.720807051111478,361.859515438147355,309.049915020936169,1692.708166039892376,73.099878640753275,42716.709962227701908,0.001711271273125,6975.900093212025240,583314.632662043208256,0.011959069261432,0.013670340534557
0.66345051237,0.01851966845,Djakotomey,BJ0602,,,,Couffo,BJ06,Benin,Bénin (le),BJ,2015-08-07,2019-08-16,,165253.904649674892426,1933.558085264638066,806.516210163943470,721.853635965147987,420.265258861356415,515.493169818539172,1305.433513280935585,499.767947510350496,469.800262395292521,242.877174602763262,301.514443862717599,226.369535368054926,730.018305603658405,42716.709962227701908,0.017089759633857,7217.079701725684572,583314.632662043208256,0.012372533273835,0.029462292907692
2.03714590500,0.17920695147,Djidja,BJ1205,,,,Zou,BJ12,Benin,Bénin (le),BJ,2015-08-07,2019-08-16,,157245.078469797968864,1865.407276432146318,797.946365198353305,1032.162770317168906,494.655411329818889,533.023868353542639,1411.986571239307523,659.893981502857059,743.027051589975599,368.875689193198923,394.134225421410520,2187.791300363719984,71.873893293046734,42716.709962227701908,0.001682570903906,8301.113210577779682,583314.632662043208256,0.014230936009087,0.015913506912993
2.72903817798,0.32317248339,Djougou,BJ0702,,,,Donga,BJ07,Benin,Bénin (le),BJ,2015-08-07,2019-08-16,,323810.658390477299690,2861.703336200211197,1600.956350111722713,1674.949848847580142,886.292877913670964,924.661029465554748,2849.209074811544269,1792.867344186292030,1667.595524245640263,882.575759083207231,833.650265308038797,3922.856922988022234,82.544600720189479,42716.709962227701908,0.001932372619361,15974.461410173462355,583314.632662043208256,0.027385668926685,0.029318041546046
0.84033700686,0.02446965262,Dogbo,BJ0603,,,,Couffo,BJ06,Benin,Bénin (le),BJ,2015-08-07,2019-08-16,,137007.497146725654602,1573.768050846643746,650.538886322639883,728.600961043033749,347.008126113098115,523.478420384461060,1129.093237853143364,429.774980138055980,505.309374578529969,214.328469147556461,329.006466981256381,299.149200536732565,457.990517443828139,42716.709962227701908,0.010721577524318,6430.906973408418708,583314.632662043208256,0.011024765389581,0.021746342913899
1.75513801145,0.14445101671,Glazoue,BJ0503,,,,Collines,BJ05,Benin,Bénin (le),BJ,2015-08-07,2019-08-16,,150788.555343985557556,1477.523567240103148,954.827735236554872,750.112093805451877,464.490379741386278,357.326349045062670,1337.753764483379200,816.586013815598562,649.428949314984493,357.320106237282744,310.501452402182622,1760.450347041948135,85.653398630272505,42716.709962227701908,0.002005149710875,7475.870411321986467,583314.632662043208256,0.012816188713122,0.014821338423997
3.26520596542,0.41385934016,Gogounou,BJ0102,,,,Alibori,BJ01,Benin,Bénin (le),BJ,2015-08-07,2019-08-16,,151456.483530849218369,1027.597019825305324,409.772709567565471,599.203475983988028,172.481781958602369,270.274334247907973,1165.501520284335129,593.010935690283077,666.126642384566367,251.601838864226011,262.288662678969558,5006.826390070033995,30.249997050273336,42716.709962227701908,0.000708153719634,5417.858921485749306,583314.632662043208256,0.009288055910342,0.009996209629976
1.15182834273,0.02354116734,Grand-Popo,BJ0904,,,,Mono,BJ09,Benin,Bénin (le),BJ,2015-08-07,2019-08-16,,84432.260404944419861,1084.849086724221706,772.128895204514265,688.130416173487902,467.209448552690446,385.572351000737399,804.761023398488760,600.412664660252631,464.453954410273582,303.774387398734689,286.799641263671219,288.044517579286662,293.122261498012165,42716.709962227701908,0.006862004629036,5858.091868787072599,583314.632662043208256,0.010042765157549,0.016904769786585
0.66650209107,0.02487983977,Houeyogbe,BJ0905,,,,Mono,BJ09,Benin,Bénin (le),BJ,2015-08-07,2019-08-16,,128172.873116493225098,1640.295295392163098,862.059013873338699,1035.150168793741614,535.398314837832004,529.074335763230920,1162.229330305010080,641.703333928715438,665.794064691290259,331.509581471560523,358.487404908519238,304.302851136715674,421.201683249784423,42716.709962227701908,0.009860349348586,7761.700843965401873,583314.632662043208256,0.013306199449418,0.023166548798004
0.64454044017,0.01770221511,Ifangni,BJ1102,,,,Plateau,BJ11,Benin,Bénin (le),BJ,2015-08-07,2019-08-16,,161252.481708645820618,1853.252658020704985,1167.087760418653488,878.186335584148765,519.471083729993552,466.009808517526835,1518.065765503793955,965.919309297576547,642.945738247595727,381.283746183384210,256.337060658726841,216.471208465568225,744.914221395380309,42716.709962227701908,0.017438473657126,8648.559266162104905,583314.632662043208256,0.014826576913891,0.032265050571017
2.88444546893,0.31079573460,Kalale,BJ0402,,,,Borgou,BJ04,Benin,Bénin (le),BJ,2015-08-07,2019-08-16,,242807.735470712184906,1519.971199186402373,596.263829829898896,839.784409216867061,275.880538418277865,488.871286390509340,1757.670828877948225,709.347551857208600,951.224960829829797,410.563856813285383,484.221820351958741,3764.790208666360286,64.494360113820107,42716.709962227701908,0.001509815717803,8033.800281772186281,583314.632662043208256,0.013772670582784,0.015282486300587
2.74882739521,0.28907302144,Kandi,BJ0103,,,,Alibori,BJ01,Benin,Bénin (le),BJ,2015-08-07,2019-08-16,,264113.399606153368950,1637.590233618015191,702.325101014328538,905.862572915066266,293.167090229864698,333.064389388870040,1883.073388947173953,1038.740318819851382,1020.353183649684070,433.596000967707369,328.173694901990530,3492.079826447192772,75.632119748780113,42716.709962227701908,0.001770551145340,8575.945974452552036,583314.632662043208256,0.014702092994504,0.016472644139844
4.10398444016,0.50464705569,Karimama,BJ0104,,,,Alibori,BJ01,Benin,Bénin (le),BJ,2015-08-07,2019-08-16,,104980.402596205472946,794.537458538310602,324.446595004337723,403.387878701003501,168.809348369824875,137.431441542365064,920.031919880362693,482.894145358965034,457.576578346517636,251.258992101182230,136.377080712365569,6080.573835109959873,17.264884111765255,42716.709962227701908,0.000404171672562,4076.751438555234927,583314.632662043208256,0.006988940805326,0.007393112477888
3.01146697829,0.32116654250,Kerou,BJ0202,,,,Atacora,BJ02,Benin,Bénin (le),BJ,2015-08-07,2019-08-16,,133925.024908356368542,1183.768539403215982,451.717594726011157,658.155068705935264,192.532924904371612,343.157792706537293,1056.624860216921661,453.337869352952112,600.438875605352223,193.272231129303691,257.062688956604688,3883.316543381479278,34.487279986642129,42716.709962227701908,0.000807348693688,5390.068445707205683,583314.632662043208256,0.009240413567390,0.010047762261078
1.63508818142,0.14718917594,Ketou,BJ1103,,,,Plateau,BJ11,Benin,Bénin (le),BJ,2015-08-07,2019-08-16,,199061.196871012449265,1791.513072595931590,992.030399668263271,938.758997871656902,467.092878433759324,595.209797999559669,1520.815794823225588,851.767279073013924,719.578182336117607,357.158903433504747,292.165083769185003,1796.903391614586099,110.780133088929389,42716.709962227701908,0.002593367634981,8526.090390004217625,583314.632662043208256,0.014616623538302,0.017209991173283
0.76533817532,0.03129046811,Klouekanme,BJ0604,,,,Couffo,BJ06,Benin,Bénin (le),BJ,2015-08-07,2019-08-16,,135754.193388909101486,1352.071916868444532,664.761922122677788,599.839523389702663,354.422186255163979,394.612989554181695,903.320048928027973,407.672278113779612,386.265653080074117,202.643832321627997,213.086487627064344,382.329291555445820,355.071391042561231,42716.709962227701908,0.008312236390783,5478.696838260743789,583314.632662043208256,0.009392352825538,0.017704589216321
1.09032005726,0.06877061961,Kobli,BJ0203,,,,Atacora,BJ02,Benin,Bénin (le),BJ,2015-08-07,2019-08-16,,75929.278064787387848,831.627999376971275,370.655704801669344,470.018658025888726,165.270802944083698,244.365759229753166,696.637070847209543,350.110133426962420,402.788431955035776,156.103076173516456,169.139664935471956,832.769604857846730,91.176812436314208,42716.709962227701908,0.002134453063378,3856.717301716562361,583314.632662043208256,0.006611727335068,0.008746180398446
3.27052058052,0.26832107741,Kouande,BJ0204,,,,Atacora,BJ02,Benin,Bénin (le),BJ,2015-08-07,2019-08-16,,149083.678493142127991,1411.913117657124531,808.295145383919589,752.472722928388976,415.926306903391378,361.697983961101272,1264.589365139021538,813.733593745739199,688.541583022946725,414.088334786982159,269.618024487637740,3249.642208100686730,45.876951659941923,42716.709962227701908,0.001073981392774,7200.876178016253107,583314.632662043208256,0.012344754914092,0.013418736306866
0.72760311651,0.02387236765,Kpomasse,BJ0303,,,,Atlantique,BJ03,Benin,Bénin (le),BJ,2015-08-07,2019-08-16,,86580.827545166015625,1104.674027700908482,661.585642182733864,720.419795182999223,399.044096001423895,420.340405996656045,980.746540470048785,544.012355015147477,519.748776212334633,285.531026236945763,257.791822853730991,292.033764185467930,296.475401694234677,42716.709962227701908,0.006940501783878,5893.894487852929160,583314.632662043208256,0.010104143043618,0.017044644827496
0.93690214580,0.03723831029,Lalo,BJ0605,,,,Couffo,BJ06,Benin,Bénin (le),BJ,2015-08-07,2019-08-16,,160871.860393494367599,1684.549561535939574,778.894194289576262,800.091792836086825,291.612802726973314,507.687365073943511,1166.835605206899345,496.320126456441358,534.254878798034042,173.354508688789792,299.029051708756015,455.167368069147813,353.434520308264155,42716.709962227701908,0.008273917177161,6732.629887321440037,583314.632662043208256,0.011542021252915,0.019815938430076
0.82886388658,0.02210781074,Lokossa,BJ0906,,,,Mono,BJ09,Benin,Bénin (le),BJ,2015-08-07,2019-08-16,,134427.251701891422272,1437.585975333116949,766.467046047095209,798.069982634857297,418.869712089886889,446.009122264804319,1038.659599722363055,575.822011080570519,526.752396872267127,264.498744615586475,309.301279217936099,270.323944000035283,497.282074657337319,42716.709962227701908,0.011641394552555,6582.035869878483936,583314.632662043208256,0.011283851803683,0.022925246356238
2.34446666124,0.27054947654,Malanville,BJ0105,,,,Alibori,BJ01,Benin,Bénin (le),BJ,2015-08-07,2019-08-16,,225900.859587870538235,1625.247814367525280,600.357683572117821,772.763522101391573,250.502295001468156,338.062889086802898,1865.860159410629421,886.640862234315136,869.030096218193648,369.959588772078860,332.535682886707946,3263.279644782504420,69.225099953984085,42716.709962227701908,0.001620562538997,7910.960593651230738,583314.632662043208256,0.013562081509165,0.015182644048162
1.71173041085,0.14580145547,Materi,BJ0205,,,,Atacora,BJ02,Benin,Bénin (le),BJ,2015-08-07,2019-08-16,,146186.612719982862473,1582.660595944151282,691.954546418215614,1047.899835394520778,404.937521294021280,503.979287797672441,1334.822109174216166,657.462891442177352,904.210636813950259,384.800422957254341,361.275986418186221,1763.764888111826849,82.883276396595491,42716.709962227701908,0.001940301031374,7874.003833654366645,583314.632662043208256,0.013498725032355,0.015439026063729
2.52013981385,0.30316750222,N'Dali,BJ0403,NDali,,,Borgou,BJ04,Benin,Bénin (le),BJ,2015-08-07,2019-08-16,,158617.193346664309502,1116.280359786294866,479.458478258311516,599.484782753745094,258.637871211452875,305.745920953369932,1333.027952070115134,588.697186179808341,701.636082396842539,394.786890021379804,313.768626530945767,3679.482656444125496,43.108558500436835,42716.709962227701908,0.001009173190973,6091.524150162265869,583314.632662043208256,0.010442947611931,0.011452120802904
1.70395587363,0.11191944364,Natitingou,BJ0206,,,,Atacora,BJ02,Benin,Bénin (le),BJ,2015-08-07,2019-08-16,,125802.698474049568176,1202.838937015505508,757.654637915198691,628.285309380968101,273.005899122450501,265.273251120001078,1044.637584652286023,739.905664278659970,558.004416725132614,266.662426102673635,177.643129993288312,1356.244155791109961,92.758149730545881,42716.709962227701908,0.002171472236803,5913.911256306164432,583314.632662043208256,0.010138458603922,0.012309930840725
2.85447835236,0.26915643815,Nikki,BJ0404,,,,Borgou,BJ04,Benin,Bénin (le),BJ,2015-08-07,2019-08-16,,202886.889850914478302,1454.496688761981204,612.761803459317889,792.105515684175771,328.744613662449410,409.188402614614461,1684.459184849169105,730.012404330482241,898.544709613663144,489.918988794670440,405.916441524779657,3264.538265135664005,62.148724681125195,42716.709962227701908,0.001454904292397,7806.148753295303322,583314.632662043208256,0.013382398308218,0.014837302600615
1.14823582113,0.05351160988,Ouake,BJ0704,,,,Donga,BJ07,Benin,Bénin (le),BJ,2015-08-07,2019-08-16,,103999.397763878107071,870.242086204700172,580.641438489314169,490.267182747775223,355.664356370107271,247.939453474478796,851.986774679156952,640.007009078515694,480.005158138228580,348.145599915238563,219.287433978897752,649.713378228486022,160.069657250161214,42716.709962227701908,0.003747237495390,5084.186493076413171,583314.632662043208256,0.008716027694820,0.012463265190210
2.26443669809,0.24442122481,Ouesse,BJ0504,,,,Collines,BJ05,Benin,Bénin (le),BJ,2015-08-07,2019-08-16,,177674.971543952822685,1397.961322671617381,853.335636968142353,860.089357173594180,532.752976873307489,323.952077033638489,1340.445125438971445,773.866556534951087,789.497478484991007,436.083281582221389,290.307272356745671,2976.234068391730489,59.697916044608398,42716.709962227701908,0.001397530757809,7598.291085118180490,583314.632662043208256,0.013026059453442,0.014423590211251
0.98018544581,0.02913865740,Ouidah,BJ0304,,,,Atlantique,BJ03,Benin,Bénin (le),BJ,2015-08-07,2019-08-16,,280820.253366768360138,2625.053954944014549,1611.917870345059782,1364.162131454795599,890.300798967247829,788.134604912484065,2322.494014631956816,1303.274180528242141,963.642653506947681,628.416469584219158,481.798048827331513,356.511144318111462,787.689972227614703,42716.709962227701908,0.018439855806408,12979.194727702299133,583314.632662043208256,0.022250761426076,0.040690617232484
0.75780368033,0.02824159574,Ouinhi,BJ1206,,,,Zou,BJ12,Benin,Bénin (le),BJ,2015-08-07,2019-08-16,,85570.336278498172760,909.262617566157132,497.008093580603600,558.558312789537013,272.466729539679363,244.566238274797797,714.237919085193425,420.302237759344280,404.790279581677169,206.013033851166256,177.248508244985715,345.055458960965950,247.990095668007484,42716.709962227701908,0.005805458704270,4404.453970273141749,583314.632662043208256,0.007550734584135,0.013356193288405
0.89160432346,0.03899584225,Parakou,BJ0405,,,,Borgou,BJ04,Benin,Bénin (le),BJ,2015-08-07,2019-08-16,,347159.119048655033112,2273.674224150250666,1426.006954476993997,997.791698646498844,562.649585122242570,427.931314243003726,2651.123044062871486,1710.240410431462806,1139.690789583022706,843.514455347147305,427.685779376130085,473.796798206378753,732.717317556539797,42716.709962227701908,0.017152943618655,12460.308255439624190,583314.632662043208256,0.021361213241943,0.038514156860598
1.84912187078,0.16611524114,Pehunco,BJ0207,,,,Atacora,BJ02,Benin,Bénin (le),BJ,2015-08-07,2019-08-16,,98053.809153288602829,804.246081260615028,390.689011610462330,478.641547194041777,267.086119815910934,281.044264251104323,727.632052274420857,396.770556815783493,441.940369621559512,269.582985781016760,207.218608287948882,2012.901600786923836,48.712668873111056,42716.709962227701908,0.001140365653539,4264.851596912863897,583314.632662043208256,0.007311408557419,0.008451774210958
1.69590008896,0.16997660539,Perere,BJ0406,,,,Borgou,BJ04,Benin,Bénin (le),BJ,2015-08-07,2019-08-16,,107501.068353861570358,726.185729309218004,325.779901406960562,422.029866153432522,122.170859640216804,242.289875799411675,835.793141481583007,385.700881669530645,475.718476145470049,181.099588123441208,238.729502058151411,2063.767347600376524,52.089722457745680,42716.709962227701908,0.001219422621822,3955.497821787415887,583314.632662043208256,0.006781070798337,0.008000493420159
0.85481855409,0.03492916864,Pobe,BJ1104,,,,Plateau,BJ11,Benin,Bénin (le),BJ,2015-08-07,2019-08-16,,149811.831915020942688,1439.817466745618731,1057.155040781246498,794.526048197643831,579.508340989588760,452.100991610670462,1185.908588520716876,881.486195964738727,588.790747583145276,429.360491717816330,210.005724849412218,426.741695973976277,351.059747215694699,42716.709962227701908,0.008218323637895,7618.659636960597709,583314.632662043208256,0.013060978090318,0.021279301728213
0.27064818155,0.00406454685,Porto-Novo,BJ1008,,,,Oueme,BJ10,Benin,Bénin (le),BJ,2015-08-07,2019-08-16,,315671.260711669921875,3409.779793336987495,2241.299458168447018,1545.295145250856876,1115.038798153400421,766.703686267137527,2981.111867487430573,1841.689193613827229,950.640053980052471,770.689801603555679,428.009503861889243,49.719425997884379,6349.052797292995820,42716.709962227701908,0.148631596462067,16050.257301723584533,583314.632662043208256,0.027515608906425,0.176147205368492
0.98231511702,0.03476642539,Sakete,BJ1105,,,,Plateau,BJ11,Benin,Bénin (le),BJ,2015-08-07,2019-08-16,,145060.225547850131989,1821.743553991429508,1319.634648669511080,1020.382020409684628,670.923684165114537,527.885539824143052,1454.900183510035276,1066.245458252727985,730.793269238434732,480.628733538324013,240.898983057355508,425.033697602607731,341.291117306836668,42716.709962227701908,0.007989639595573,9334.036074656760320,583314.632662043208256,0.016001717687176,0.023991357282749
2.34341698037,0.21838466363,Savalou,BJ0505,,,,Collines,BJ05,Benin,Bénin (le),BJ,2015-08-07,2019-08-16,,178445.778905555605888,1667.444239289732650,1140.276809988892637,895.901119975547772,690.293089523620438,473.487501784344204,1485.075734206475317,958.319086202594917,762.504758387920447,521.237228206184227,408.837584468274144,2663.429979956137686,66.998487006778504,42716.709962227701908,0.001568437435046,9003.377152033586754,583314.632662043208256,0.015434855647192,0.017003293082238
1.98084537114,0.18610691299,Save,BJ0506,,,,Collines,BJ05,Benin,Bénin (le),BJ,2015-08-07,2019-08-16,,101548.170360296964645,964.286257520783693,689.821600289084017,542.600783945643343,303.539491119910963,209.318239783024183,921.596548362169415,623.556217533885501,496.456452144251671,247.563633345562266,189.924254987941822,2269.115200831211496,44.752320341910504,42716.709962227701908,0.001047653725708,5188.663479032256873,583314.632662043208256,0.008895136841250,0.009942790566958
2.93908537951,0.38681342137,Segbana,BJ0106,,,,Alibori,BJ01,Benin,Bénin (le),BJ,2015-08-07,2019-08-16,,130760.351271010935307,797.361496841767803,276.479537895167596,440.745374906196957,142.553030884584587,224.976689670642372,948.063386636320502,419.414269938570214,513.493982900748961,217.276370937222964,229.843219800721272,4677.075232939558191,27.957718180391037,42716.709962227701908,0.000654491373636,4210.207360411943228,583314.632662043208256,0.007217729720234,0.007872221093870
0.64844765772,0.01832710535,Seme-Kpodji,BJ1009,,,,Oueme,BJ10,Benin,Bénin (le),BJ,2015-08-07,2019-08-16,,458146.031385660171509,3872.947386413812637,2125.202333630062640,1403.454937576316297,889.799955308437347,718.291648623533547,3524.635276347398758,1811.223820814862847,912.240275318734348,639.964720163960010,419.980665813200176,224.222278322781222,2043.267220423707840,42716.709962227701908,0.047832972675809,16317.741020010318607,583314.632662043208256,0.027974167124082,0.075807139799891
2.32349311165,0.18563986387,Sinende,BJ0407,,,,Borgou,BJ04,Benin,Bénin (le),BJ,2015-08-07,2019-08-16,,118233.100085601210594,854.296292089973576,361.068199628614821,518.435035965754651,200.348227569760638,267.077654191583861,980.072555111488327,427.096153815800790,583.403271940012928,292.571630082296906,261.814928271283861,2249.549916785967525,52.558558137943486,42716.709962227701908,0.001230398085068,4746.183948666570359,583314.632662043208256,0.008136576185320,0.009366974270388
0.61649423366,0.01509598421,So-Ava,BJ0305,,,,Atlantique,BJ03,Benin,Bénin (le),BJ,2015-08-07,2019-08-16,,86291.889870882034302,761.892364852130413,317.910878457594663,298.300868172664195,142.476577040972188,178.048459768295288,715.133919913321733,273.971492649987340,220.166006378829479,107.101598117034882,130.930775074055418,184.660624038932980,467.299893087595365,42716.709962227701908,0.010939510404729,3145.932940424885601,583314.632662043208256,0.005393200794686,0.016332711199415
4.15511112370,0.46070646740,Tanguieta,BJ0208,,,,Atacora,BJ02,Benin,Bénin (le),BJ,2015-08-07,2019-08-16,,106885.193605877459049,1156.904832588450518,594.621766718133586,607.335567828849889,299.690995044467854,188.624352625265601,979.589623494539410,567.210182885581162,526.046906344505260,285.835775694795302,154.949990603214246,5568.784653325420550,19.193630255041477,42716.709962227701908,0.000449323701943,5360.809993827802828,583314.632662043208256,0.009190254613300,0.009639578315243
4.71360104936,0.55701637308,Tchaourou,BJ0408,,,,Borgou,BJ04,Benin,Bénin (le),BJ,2015-08-07,2019-08-16,,348442.826306506991386,2496.446298933413345,1059.418719080858864,1347.393979321350344,578.104102093013353,688.668978122557746,2903.587744065211155,1267.443378613534151,1535.089187358331401,860.797144915733952,686.919225524514331,6771.146355463994951,51.459946073286410,42716.709962227701908,0.001204679529832,13423.868758028518641,583314.632662043208256,0.023013084202546,0.024217763732378
0.97094229971,0.03982637669,Toffo,BJ0306,,,,Atlantique,BJ03,Benin,Bénin (le),BJ,2015-08-07,2019-08-16,,64767.165808886289597,688.861811014823616,374.043192973593250,391.124623221810907,205.360561593377497,223.593509324593470,594.710041438229382,298.946877031121403,273.384963147458620,143.812602324294858,129.314479721419048,486.818045254581932,133.041834501053131,42716.709962227701908,0.003114515013415,3323.152661790722050,583314.632662043208256,0.005697015771103,0.008811530784518
0.67636363193,0.02678817370,Tori-Bossito,BJ0307,,,,Atlantique,BJ03,Benin,Bénin (le),BJ,2015-08-07,2019-08-16,,49999.978767633438110,577.178746792953461,321.375778989167884,329.205159993143752,197.272355455206707,169.778940940392204,519.986173346638680,264.670756381470710,237.133144182153046,142.103820366086438,105.685184616595507,327.648827640265154,152.602342964980238,42716.709962227701908,0.003572427349857,2864.390061063808389,583314.632662043208256,0.004910540385369,0.008482967735226
1.39306017320,0.08892055689,Toucountouna,BJ0209,,,,Atacora,BJ02,Benin,Bénin (le),BJ,2015-08-07,2019-08-16,,122985.964735597372055,1308.094931387575343,891.634488285635598,736.172124432399869,335.894338787242305,240.461865936522372,1111.252352765412070,852.829767285147682,639.629829288576730,321.235293551580980,186.353440967941424,1076.593386549089018,114.236225368071786,42716.709962227701908,0.002674274902470,6623.558432688034372,583314.632662043208256,0.011355035621960,0.014029310524430
0.43289415868,0.01057593214,Toviklin,BJ0606,,,,Couffo,BJ06,Benin,Bénin (le),BJ,2015-08-07,2019-08-16,,106658.761399984359741,1126.863602302968502,521.290667851455510,529.701753114350140,278.469030457548797,389.961064402014017,755.274449534714222,320.525600830093026,342.198428032919765,159.654960600892082,227.229552822653204,129.262626629459902,825.132245732008414,42716.709962227701908,0.019316381024232,4651.169109949609265,583314.632662043208256,0.007973688382757,0.027290069406989
0.78381822680,0.03181737821,Za-Kpota,BJ1207,,,,Zou,BJ12,Benin,Bénin (le),BJ,2015-08-07,2019-08-16,,171345.209076523780823,2231.122971645090729,905.567118743085302,1279.696708669653162,562.286861008149572,804.832460463978350,1558.558963039424270,697.459780504927039,847.829515591496602,388.298187351610977,539.370250600681175,388.607559874912340,440.920936102420569,42716.709962227701908,0.010321977897930,9815.022817618098998,583314.632662043208256,0.016826292823867,0.027148270721797
1.44530760871,0.04572788907,Zagnanado,BJ1208,,,,Zou,BJ12,Benin,Bénin (le),BJ,2015-08-07,2019-08-16,,82908.321852982044220,979.552777226548642,558.454409358324483,560.503818448865786,252.907207247975748,237.792375416436698,761.041370669379830,470.865135792526416,411.499849437852390,191.997478410718031,168.202886202518130,558.457582570385853,148.459479180824985,42716.709962227701908,0.003475442732179,4592.817308211146155,583314.632662043208256,0.007873653515687,0.011349096247866
1.28072828043,0.05133066848,Ze,BJ0308,,,,Atlantique,BJ03,Benin,Bénin (le),BJ,2015-08-07,2019-08-16,,127864.592021405696869,1356.953871176578104,663.161159996874630,779.525191052351147,415.563213333371095,434.164505677879788,1186.305052691139281,530.894161755684763,542.713123677764088,290.128938700887375,261.676253991667181,627.560500197805936,203.748629783268711,42716.709962227701908,0.004769764103168,6461.085472054197453,583314.632662043208256,0.011076501617263,0.015846265720431
1.15044392929,0.06807250034,Zogbodomey,BJ1209,,,,Zou,BJ12,Benin,Bénin (le),BJ,2015-08-07,2019-08-16,,126870.501992404460907,1499.198046261444688,726.011615294264629,766.819937930209562,402.454298034426756,429.546070574433543,1143.539155731443316,605.332044387818314,556.271062509738840,302.887372269760817,318.777262676157989,831.789417048435098,152.527189444893821,42716.709962227701908,0.003570668002750,6750.836865669698454,583314.632662043208256,0.011573234216432,0.015143902219182
